{
  "train_losses": [
    1.4090703010559082,
    1.0857062816619873,
    0.964207935333252,
    0.8627839684486389,
    0.8317614674568177,
    0.7821448564529419,
    0.7985297560691833,
    0.7530140399932861,
    0.748619794845581,
    0.737251627445221,
    0.698568594455719,
    0.6472363471984863,
    0.6532756447792053,
    0.640801477432251,
    0.6194783210754394,
    0.6267040848731995,
    0.6631582140922546,
    0.6382850527763366,
    0.58707515001297,
    0.6245762586593628,
    0.5947644114494324,
    0.5891507863998413,
    0.6106894731521606,
    0.6159285545349121,
    0.6089381575584412,
    0.6009355545043945,
    0.6026565074920655,
    0.6218002796173095,
    0.5899168848991394,
    0.5791257500648499
  ],
  "val_losses": [
    1.5804595708847047,
    1.3199462890625,
    1.2432831048965454,
    1.1405882596969605,
    0.9911055564880371,
    0.9344258069992065,
    0.8327335476875305,
    0.8287444114685059,
    0.8454455494880676,
    0.797151529788971,
    0.8045634984970093,
    0.802713143825531,
    0.777828574180603,
    0.7681337475776673,
    0.7425817966461181,
    0.7378782391548157,
    0.7187236666679382,
    0.7266405820846558,
    0.7189303159713745,
    0.7012312054634094,
    0.7051989436149597,
    0.7415814518928527,
    0.6974291801452637,
    0.6880680799484253,
    0.7012522697448731,
    0.7025325894355774,
    0.698526656627655,
    0.7283549070358276,
    0.6812080502510071,
    0.6991112709045411
  ],
  "val_ious": [
    0.27644192684354496,
    0.3621693993498048,
    0.3472854452696629,
    0.5205502478597919,
    0.565731352120638,
    0.5892832294106484,
    0.5983894369006156,
    0.5975091797113418,
    0.596071467846632,
    0.6147023333609105,
    0.6276241879165172,
    0.6163298213481904,
    0.6190508568286897,
    0.6296919958415674,
    0.6315616311877965,
    0.6436382162128576,
    0.6210119368135929,
    0.6333843281457666,
    0.6474793819896877,
    0.6506807787716389,
    0.6597050073742866,
    0.6401776526076719,
    0.6452899695280939,
    0.6583107053389541,
    0.6607180079910904,
    0.6580757379455463,
    0.6436025701463223,
    0.6547876958502457,
    0.6487830637011212,
    0.6532929229369621
  ],
  "best_iou": 0.6607180079910904,
  "num_epochs": 30,
  "model": "DeepLab v3+ with ResNet50"
}