{
  "train_losses": [
    1.3810755729675293,
    1.059402883052826,
    0.9302302360534668,
    0.8963183522224426,
    0.7794913649559021,
    0.7792279958724976,
    0.7578041672706604,
    0.7523598313331604,
    0.7525316953659058,
    0.6831326961517334,
    0.6974165320396424,
    0.6887519478797912,
    0.6755648136138916,
    0.6394543409347534,
    0.6461931943893433,
    0.665490448474884,
    0.6565723657608032,
    0.648824667930603,
    0.6156562566757202,
    0.6214810013771057,
    0.6118067622184753,
    0.6018419146537781,
    0.6201027274131775,
    0.6123613715171814,
    0.5805736899375915,
    0.6049821496009826,
    0.6029410362243652,
    0.5922367930412292,
    0.5965809106826783,
    0.573677659034729
  ],
  "val_losses": [
    1.5931686878204345,
    1.289808702468872,
    1.1489257335662841,
    1.1382246732711792,
    0.9553963899612427,
    0.9476385831832885,
    0.8588883996009826,
    0.8231281876564026,
    0.8013124108314514,
    0.7762667536735535,
    0.7815229535102844,
    0.7593118906021118,
    0.7569867491722106,
    0.7486764311790466,
    0.7229677200317383,
    0.7436806082725524,
    0.7438694119453431,
    0.7209782600402832,
    0.7161907196044922,
    0.7212919354438782,
    0.6971472263336181,
    0.6953264951705933,
    0.6959328532218934,
    0.6851072549819947,
    0.6974255561828613,
    0.6926710128784179,
    0.6801571369171142,
    0.6867387533187866,
    0.6967289566993713,
    0.6876793265342712
  ],
  "val_ious": [
    0.2569038170087151,
    0.3456698016542942,
    0.4854269747505896,
    0.4601728408783674,
    0.5920472302287816,
    0.6052271854132414,
    0.6106015606794972,
    0.6241037975251675,
    0.6225569285452366,
    0.622673543477431,
    0.6255353195901261,
    0.6212058750819415,
    0.646249636542052,
    0.6235006038844586,
    0.6449451766442508,
    0.6424154956545681,
    0.6342778462008573,
    0.6432282930798829,
    0.642283062050119,
    0.6521371958591045,
    0.6543512132391334,
    0.6526027067005634,
    0.6545641916990281,
    0.6536322103440761,
    0.656455707103014,
    0.6590307292342187,
    0.6658033592556605,
    0.6645516113750636,
    0.6517690154071897,
    0.661600286143439
  ],
  "best_iou": 0.6658033592556605,
  "num_epochs": 30,
  "model": "DeepLab v3+ with ResNet50"
}