{
  "train_losses": [
    1.3909181833267212,
    1.0737446784973144,
    1.073608160018921,
    0.952122175693512,
    0.8522039771080017,
    0.7738574504852295,
    0.7824443936347961,
    0.7807002663612366,
    0.7393554806709289,
    0.7268051266670227,
    0.6998952031135559,
    0.6788461565971374,
    0.6885963201522827,
    0.6712603688240051,
    0.6444386720657349,
    0.6650776267051697,
    0.6603610515594482,
    0.6416411161422729,
    0.6226077318191529,
    0.623700213432312,
    0.6096333146095276,
    0.6116369962692261,
    0.6197713255882263,
    0.6216422080993652,
    0.6281585574150086,
    0.6146834015846252,
    0.5965744972229003,
    0.5947709798812866,
    0.5988137722015381,
    0.6031835556030274
  ],
  "val_losses": [
    1.5543887853622436,
    1.1426920175552369,
    1.189004158973694,
    1.253118133544922,
    1.0557321190834046,
    0.932921576499939,
    0.9227231621742249,
    0.8534524083137512,
    0.8372529149055481,
    0.7930330872535706,
    0.7836831569671631,
    0.8572399854660034,
    0.7698738813400269,
    0.7483453750610352,
    0.7440072059631347,
    0.74579998254776,
    0.763237452507019,
    0.7419455528259278,
    0.7142892837524414,
    0.7034762978553772,
    0.7195073246955872,
    0.7442569375038147,
    0.7066621899604797,
    0.7107403874397278,
    0.8186238408088684,
    0.7567781329154968,
    0.7508078694343567,
    0.7126725196838379,
    0.6926304578781128,
    0.6885725855827332
  ],
  "val_ious": [
    0.23800246893428265,
    0.3902687415480614,
    0.3705658456671517,
    0.41087735103763406,
    0.46067230581786134,
    0.4900380288623273,
    0.6160780406743288,
    0.6280780154466629,
    0.593646491765976,
    0.6026536712795496,
    0.6398407930135727,
    0.6299552236733144,
    0.6296649773418903,
    0.6393784875329583,
    0.6458382603526115,
    0.6372703294828536,
    0.6348893686370867,
    0.6277683783066459,
    0.6314426210895181,
    0.6424206923507155,
    0.6467131688632071,
    0.6393581120437011,
    0.641269322745502,
    0.6514708909392357,
    0.6344397324323653,
    0.6409665884962306,
    0.649776703985408,
    0.6511342155281454,
    0.6529311484284699,
    0.6578301226347685
  ],
  "best_iou": 0.6578301226347685,
  "num_epochs": 30,
  "model": "DeepLab v3+ with ResNet50"
}