{
  "train_losses": [
    0.654843382474755,
    0.5606948360174644,
    0.5445837545461681,
    0.31636164493921426,
    0.286906185687757
  ],
  "val_losses": [
    0.5929314929705399,
    0.5615729445066208,
    0.4969605505466461,
    0.32554412308411723,
    0.2881399297561401
  ],
  "val_ious": [
    0.7332510029234425,
    0.7464332713053012,
    0.7526431646066696,
    0.7429969989545405,
    0.7597904839182796
  ],
  "best_iou": 0.7597904839182796,
  "num_epochs": 5,
  "model": "DeepLab v3+ with ResNet50",
  "dataset_size": {
    "train": 2857,
    "val": 317
  },
  "batch_size": 8,
  "learning_rate": 0.0003,
  "target_0_70_achieved": true,
  "target_0_75_achieved": true
}