{
  "train_losses": [
    1.0884607709371126,
    0.7962848085623521,
    0.7171107163796058,
    0.6707060795563918,
    0.6291434260515066,
    0.6132524426166828,
    0.5965613310153668,
    0.5822660143558795,
    0.5704057996089642,
    0.5706466528085562,
    0.5538502243848947,
    0.5471308552301847,
    0.537923799111293,
    0.5326874347833487,
    0.5307652721038232,
    0.5223255891066331,
    0.5166765703604772,
    0.5156053900718689,
    0.5122412924583142,
    0.5040805385662959,
    0.5178896165811099,
    0.5126664821918194,
    0.5055807920602652,
    0.5070669536407177,
    0.5031529206496018,
    0.4954603979220757,
    0.5008305586301364,
    0.49021123005793643,
    0.4884087099478795,
    0.4871438260261829
  ],
  "val_losses": [
    1.1884795767920358,
    0.8575737391199384,
    0.7791927116257804,
    0.7433663436344692,
    0.7189547930444989,
    0.6989531942776271,
    0.695501617022923,
    0.6701204095567975,
    0.6910332185881478,
    0.6724823713302612,
    0.6804502010345459,
    0.6755528450012207,
    0.6801857437406268,
    0.690138944557735,
    0.6825503621782575,
    0.6680416635104588,
    0.6820277231080192,
    0.6778812493596759,
    0.7125215445246015,
    0.7003434300422668,
    0.6988091213362557,
    0.752790493624551,
    0.7043276940073285,
    0.7265658719199044,
    0.6521795902933393,
    0.6959122163908822,
    0.7069330045155117,
    0.6862339207104274,
    0.7116280623844692,
    0.6895901986530849
  ],
  "val_ious": [
    0.590046538740301,
    0.636093007666724,
    0.6632528390968219,
    0.6772012862439235,
    0.6989189806593848,
    0.713005302394075,
    0.7087371343780042,
    0.7252385642911705,
    0.7221841238971268,
    0.728210288479126,
    0.7147415399019208,
    0.7314344850501844,
    0.7271903788670898,
    0.7327044100899781,
    0.7299935269036463,
    0.7281864843730415,
    0.7339400119813425,
    0.733888129690396,
    0.7433042818946498,
    0.7389525961663043,
    0.7300363048911096,
    0.7167859331305537,
    0.7347689199660506,
    0.7377811500270451,
    0.7306768715913805,
    0.7413864836628948,
    0.7471125976315566,
    0.7445807743285384,
    0.7409502667774047,
    0.7484458826482296
  ],
  "best_iou": 0.7484458826482296,
  "num_epochs": 30,
  "model": "DeepLab v3+ with ResNet50",
  "dataset_size": {
    "train": 100,
    "val": 50
  },
  "batch_size": 8,
  "learning_rate": 0.0003,
  "target_0_70_achieved": true,
  "target_0_75_achieved": false
}